{
  "CE3E3V2_3DBenchy.gcode": {
    "hash": "59b1ee6daa8e19355b95ab4dd5d126e8a00960bb",
    "user": "admin",
    "history": [
      {
        "timestamp": 1755998472.8384023,
        "printTime": 4026.123923909,
        "success": true,
        "printerProfile": "_default"
      }
    ],
    "statistics": {
      "averagePrintTime": {
        "_default": 4026.123923909
      },
      "lastPrintTime": {
        "_default": 4026.123923909
      }
    },
    "analysis": {
      "printingArea": {
        "maxX": 147.299,
        "maxY": 200.0,
        "maxZ": 48.0,
        "minX": 0.1,
        "minY": 20.0,
        "minZ": 0.0
      },
      "dimensions": {
        "depth": 180.0,
        "height": 48.0,
        "width": 147.199
      },
      "travelArea": {
        "maxX": 147.299,
        "maxY": 235.0,
        "maxZ": 58.2,
        "minX": 0.0,
        "minY": 0.0,
        "minZ": 0.0
      },
      "travelDimensions": {
        "depth": 235.0,
        "height": 58.2,
        "width": 147.299
      },
      "estimatedPrintTime": 2741.7655297747533,
      "filament": {
        "tool0": {
          "length": 3634.980629999997,
          "volume": 0.0
        }
      }
    }
  },
  "CE3E3V2_rpi3-bottom_netfabb.gcode": {
    "hash": "c931456834eb0b7dc50d5f696e439faf293ff19b",
    "user": "admin",
    "history": [
      {
        "timestamp": 1756107753.9151542,
        "printTime": 5562.362999866,
        "success": true,
        "printerProfile": "_default"
      }
    ],
    "statistics": {
      "averagePrintTime": {
        "_default": 5562.362999866
      },
      "lastPrintTime": {
        "_default": 5562.362999866
      }
    },
    "analysis": {
      "printingArea": {
        "maxX": 167.04,
        "maxY": 200.0,
        "maxZ": 10.2,
        "minX": 0.1,
        "minY": 20.0,
        "minZ": 0.0
      },
      "dimensions": {
        "depth": 180.0,
        "height": 10.2,
        "width": 166.94
      },
      "travelArea": {
        "maxX": 167.04,
        "maxY": 235.0,
        "maxZ": 20.4,
        "minX": 0.0,
        "minY": 0.0,
        "minZ": 0.0
      },
      "travelDimensions": {
        "depth": 235.0,
        "height": 20.4,
        "width": 167.04
      },
      "estimatedPrintTime": 4157.554978854698,
      "filament": {
        "tool0": {
          "length": 5504.0155799999675,
          "volume": 0.0
        }
      }
    }
  },
  "CE3E3V2_rpi2-top_netfabb.gcode": {
    "hash": "b9c14762e5f90bcd54a363f26cdebaf11239b8c1",
    "user": "admin",
    "history": [
      {
        "timestamp": 1756113513.8124752,
        "printTime": 5619.3700329309995,
        "success": true,
        "printerProfile": "_default"
      }
    ],
    "statistics": {
      "averagePrintTime": {
        "_default": 5619.3700329309995
      },
      "lastPrintTime": {
        "_default": 5619.3700329309995
      }
    },
    "analysis": {
      "printingArea": {
        "maxX": 173.422,
        "maxY": 200.0,
        "maxZ": 15.4,
        "minX": 0.1,
        "minY": 20.0,
        "minZ": 0.0
      },
      "dimensions": {
        "depth": 180.0,
        "height": 15.4,
        "width": 173.322
      },
      "travelArea": {
        "maxX": 173.422,
        "maxY": 235.0,
        "maxZ": 25.6,
        "minX": 0.0,
        "minY": 0.0,
        "minZ": 0.0
      },
      "travelDimensions": {
        "depth": 235.0,
        "height": 25.6,
        "width": 173.422
      },
      "estimatedPrintTime": 4269.181527629054,
      "filament": {
        "tool0": {
          "length": 5846.446020000149,
          "volume": 0.0
        }
      }
    }
  },
  "CE3E3V2_ammobox.gcode": {
    "hash": "8190d2cc395044c56213eb7e40b1355dbf866fa7",
    "user": "admin",
    "history": [
      {
        "timestamp": 1756285941.130732,
        "success": false,
        "printerProfile": "_default"
      }
    ],
    "statistics": {
      "averagePrintTime": {},
      "lastPrintTime": {}
    },
    "analysis": {
      "printingArea": {
        "maxX": 156.959,
        "maxY": 200.0,
        "maxZ": 224.71,
        "minX": 0.1,
        "minY": 20.0,
        "minZ": 0.0
      },
      "dimensions": {
        "depth": 180.0,
        "height": 224.71,
        "width": 156.859
      },
      "travelArea": {
        "maxX": 156.959,
        "maxY": 235.0,
        "maxZ": 234.91,
        "minX": 0.0,
        "minY": 0.0,
        "minZ": 0.0
      },
      "travelDimensions": {
        "depth": 235.0,
        "height": 234.91,
        "width": 156.959
      },
      "estimatedPrintTime": 10061.436771677889,
      "filament": {
        "tool0": {
          "length": 34158.530060000456,
          "volume": 0.0
        }
      }
    }
  },
  "CE3E3V2_bk-conector.gcode": {
    "hash": "f0b6959498e36da7546a05688844857d00d0649f",
    "user": "admin",
    "history": [
      {
        "timestamp": 1756342707.8055463,
        "success": false,
        "printerProfile": "_default"
      },
      {
        "timestamp": 1756347488.2846217,
        "success": false,
        "printerProfile": "_default"
      }
    ],
    "statistics": {
      "averagePrintTime": {},
      "lastPrintTime": {}
    },
    "analysis": {
      "printingArea": {
        "maxX": 133.1,
        "maxY": 200.0,
        "maxZ": 70.99,
        "minX": 0.1,
        "minY": 20.0,
        "minZ": 0.0
      },
      "dimensions": {
        "depth": 180.0,
        "height": 70.99,
        "width": 133.0
      },
      "travelArea": {
        "maxX": 133.1,
        "maxY": 235.0,
        "maxZ": 81.19,
        "minX": 0.0,
        "minY": 0.0,
        "minZ": 0.0
      },
      "travelDimensions": {
        "depth": 235.0,
        "height": 81.19,
        "width": 133.1
      },
      "estimatedPrintTime": 2725.4999072320625,
      "filament": {
        "tool0": {
          "length": 4357.065650000001,
          "volume": 0.0
        }
      }
    }
  },
  "CE3E3V2_bk-part.gcode": {
    "hash": "f5c1928082de4be8b89fad91acf290be804263b8",
    "user": "admin",
    "history": [
      {
        "timestamp": 1756627259.0008578,
        "printTime": 15477.948244929008,
        "success": true,
        "printerProfile": "_default"
      }
    ],
    "statistics": {
      "averagePrintTime": {
        "_default": 15477.948244929008
      },
      "lastPrintTime": {
        "_default": 15477.948244929008
      }
    },
    "analysis": {
      "printingArea": {
        "maxX": 137.352,
        "maxY": 200.0,
        "maxZ": 190.28,
        "minX": 0.1,
        "minY": 20.0,
        "minZ": 0.0
      },
      "dimensions": {
        "depth": 180.0,
        "height": 190.28,
        "width": 137.252
      },
      "travelArea": {
        "maxX": 137.352,
        "maxY": 230.0,
        "maxZ": 200.48,
        "minX": 0.0,
        "minY": 0.0,
        "minZ": 0.0
      },
      "travelDimensions": {
        "depth": 230.0,
        "height": 200.48,
        "width": 137.352
      },
      "estimatedPrintTime": 11938.64536062416,
      "filament": {
        "tool0": {
          "length": 21659.712600002535,
          "volume": 0.0
        }
      }
    }
  },
  "CE3E3V2_Body1.gcode": {
    "hash": "5f2a303dd3aa780c51e5df0da941dcee66f54241",
    "user": "admin",
    "history": [
      {
        "timestamp": 1757327348.3166378,
        "printTime": 1553.160600052,
        "success": true,
        "printerProfile": "_default"
      }
    ],
    "statistics": {
      "averagePrintTime": {
        "_default": 1553.160600052
      },
      "lastPrintTime": {
        "_default": 1553.160600052
      }
    },
    "analysis": {
      "printingArea": {
        "maxX": 130.6,
        "maxY": 200.0,
        "maxZ": 6.28,
        "minX": 0.1,
        "minY": 20.0,
        "minZ": 0.0
      },
      "dimensions": {
        "depth": 180.0,
        "height": 6.28,
        "width": 130.5
      },
      "travelArea": {
        "maxX": 130.6,
        "maxY": 230.0,
        "maxZ": 16.48,
        "minX": 0.0,
        "minY": 0.0,
        "minZ": 0.0
      },
      "travelDimensions": {
        "depth": 230.0,
        "height": 16.48,
        "width": 130.6
      },
      "estimatedPrintTime": 762.1304682605328,
      "filament": {
        "tool0": {
          "length": 1162.3642699999996,
          "volume": 0.0
        }
      }
    }
  },
  "CE3E3V2_bk-part2.gcode": {
    "hash": "d5a522b396ea900f3d0cfcb69117438fbf3779a1",
    "user": "admin",
    "history": [
      {
        "timestamp": 1756633671.5444689,
        "printTime": 5919.854794927,
        "success": true,
        "printerProfile": "_default"
      }
    ],
    "statistics": {
      "averagePrintTime": {
        "_default": 5919.854794927
      },
      "lastPrintTime": {
        "_default": 5919.854794927
      }
    },
    "analysis": {
      "printingArea": {
        "maxX": 129.781,
        "maxY": 200.0,
        "maxZ": 96.28,
        "minX": 0.1,
        "minY": 20.0,
        "minZ": 0.0
      },
      "dimensions": {
        "depth": 180.0,
        "height": 96.28,
        "width": 129.681
      },
      "travelArea": {
        "maxX": 129.781,
        "maxY": 230.0,
        "maxZ": 106.48,
        "minX": 0.0,
        "minY": 0.0,
        "minZ": 0.0
      },
      "travelDimensions": {
        "depth": 230.0,
        "height": 106.48,
        "width": 129.781
      },
      "estimatedPrintTime": 4975.683642773654,
      "filament": {
        "tool0": {
          "length": 8980.403719999984,
          "volume": 0.0
        }
      }
    }
  },
  "CE3E3V2_pin-b.gcode": {
    "hash": "8d72e551a0a7cdd7f9634a2c5433085d159c7284",
    "user": "admin",
    "history": [
      {
        "timestamp": 1756640773.1413944,
        "printTime": 6991.728926008989,
        "success": true,
        "printerProfile": "_default"
      }
    ],
    "statistics": {
      "averagePrintTime": {
        "_default": 6991.728926008989
      },
      "lastPrintTime": {
        "_default": 6991.728926008989
      }
    },
    "analysis": {
      "printingArea": {
        "maxX": 128.828,
        "maxY": 200.0,
        "maxZ": 130.08,
        "minX": 0.1,
        "minY": 20.0,
        "minZ": 0.0
      },
      "dimensions": {
        "depth": 180.0,
        "height": 130.08,
        "width": 128.728
      },
      "travelArea": {
        "maxX": 128.828,
        "maxY": 230.0,
        "maxZ": 140.28,
        "minX": 0.0,
        "minY": 0.0,
        "minZ": 0.0
      },
      "travelDimensions": {
        "depth": 230.0,
        "height": 140.28,
        "width": 128.828
      },
      "estimatedPrintTime": 6605.6465401529995,
      "filament": {
        "tool0": {
          "length": 4256.627109999977,
          "volume": 0.0
        }
      }
    }
  },
  "CE3E3V2_bolt.gcode": {
    "hash": "8cd6d5b92d2080575c1e8c107625f65cd6ca891a",
    "user": "admin",
    "history": [
      {
        "timestamp": 1756643635.8910155,
        "printTime": 2678.8620709079987,
        "success": true,
        "printerProfile": "_default"
      }
    ],
    "statistics": {
      "averagePrintTime": {
        "_default": 2678.8620709079987
      },
      "lastPrintTime": {
        "_default": 2678.8620709079987
      }
    },
    "analysis": {
      "printingArea": {
        "maxX": 138.859,
        "maxY": 200.0,
        "maxZ": 35.08,
        "minX": 0.1,
        "minY": 20.0,
        "minZ": 0.0
      },
      "dimensions": {
        "depth": 180.0,
        "height": 35.08,
        "width": 138.75900000000001
      },
      "travelArea": {
        "maxX": 138.859,
        "maxY": 230.0,
        "maxZ": 45.28,
        "minX": 0.0,
        "minY": 0.0,
        "minZ": 0.0
      },
      "travelDimensions": {
        "depth": 230.0,
        "height": 45.28,
        "width": 138.859
      },
      "estimatedPrintTime": 2057.5300629444027,
      "filament": {
        "tool0": {
          "length": 2084.8185099999855,
          "volume": 0.0
        }
      }
    }
  },
  "CE3E3V2_cameleon.gcode": {
    "hash": "a283a18949cc6419574fcbc1495df06d36bf0282",
    "user": "admin",
    "history": [
      {
        "timestamp": 1757483108.9394815,
        "success": false,
        "printerProfile": "_default"
      }
    ],
    "statistics": {
      "averagePrintTime": {},
      "lastPrintTime": {}
    },
    "analysis": {
      "printingArea": {
        "maxX": 176.446,
        "maxY": 200.0,
        "maxZ": 53.28,
        "minX": 0.1,
        "minY": 20.0,
        "minZ": 0.0
      },
      "dimensions": {
        "depth": 180.0,
        "height": 53.28,
        "width": 176.346
      },
      "travelArea": {
        "maxX": 176.446,
        "maxY": 230.0,
        "maxZ": 63.480000000000004,
        "minX": 0.0,
        "minY": 0.0,
        "minZ": 0.0
      },
      "travelDimensions": {
        "depth": 230.0,
        "height": 63.480000000000004,
        "width": 176.446
      },
      "estimatedPrintTime": 9012.451255991986,
      "filament": {
        "tool0": {
          "length": 9879.770289999824,
          "volume": 0.0
        }
      }
    }
  },
  "Untitled.gcode": {
    "hash": "54782977aa76e4731adaed262e2ad1024547991f",
    "user": "admin",
    "analysis": {
      "printingArea": {
        "maxX": 124.799,
        "maxY": 200.0,
        "maxZ": 20.08,
        "minX": 0.1,
        "minY": 20.0,
        "minZ": 0.0
      },
      "dimensions": {
        "depth": 180.0,
        "height": 20.08,
        "width": 124.69900000000001
      },
      "travelArea": {
        "maxX": 124.799,
        "maxY": 230.0,
        "maxZ": 30.279999999999998,
        "minX": 0.0,
        "minY": 0.0,
        "minZ": 0.0
      },
      "travelDimensions": {
        "depth": 230.0,
        "height": 30.279999999999998,
        "width": 124.799
      },
      "estimatedPrintTime": 1357.6055232236108,
      "filament": {
        "tool0": {
          "length": 896.7322299999968,
          "volume": 0.0
        }
      }
    },
    "history": [
      {
        "timestamp": 1760068036.7360337,
        "success": false,
        "printerProfile": "_default"
      },
      {
        "timestamp": 1760068471.4957228,
        "success": false,
        "printerProfile": "_default"
      },
      {
        "timestamp": 1760068942.1524677,
        "success": false,
        "printerProfile": "_default"
      },
      {
        "timestamp": 1760069544.495553,
        "success": false,
        "printerProfile": "_default"
      }
    ],
    "statistics": {
      "averagePrintTime": {},
      "lastPrintTime": {}
    }
  },
  "CE3E3V2_Soporte SFS V2.0.gcode": {
    "hash": "f5c84e3abdea2ec670ed03c17981cbcdfe8df7a2",
    "user": "admin",
    "history": [
      {
        "timestamp": 1759452096.0033364,
        "printTime": 3189.1930153959984,
        "success": true,
        "printerProfile": "_default"
      }
    ],
    "statistics": {
      "averagePrintTime": {
        "_default": 3189.1930153959984
      },
      "lastPrintTime": {
        "_default": 3189.1930153959984
      }
    },
    "analysis": {
      "printingArea": {
        "maxX": 160.364,
        "maxY": 200.0,
        "maxZ": 5.08,
        "minX": 0.1,
        "minY": 20.0,
        "minZ": 0.0
      },
      "dimensions": {
        "depth": 180.0,
        "height": 5.08,
        "width": 160.264
      },
      "travelArea": {
        "maxX": 160.364,
        "maxY": 230.0,
        "maxZ": 15.280000000000001,
        "minX": 0.0,
        "minY": 0.0,
        "minZ": 0.0
      },
      "travelDimensions": {
        "depth": 230.0,
        "height": 15.280000000000001,
        "width": 160.364
      },
      "estimatedPrintTime": 2589.002582697771,
      "filament": {
        "tool0": {
          "length": 2545.3429199999982,
          "volume": 0.0
        }
      }
    }
  }
}