{
  "last_version": "1.11.3",
  "seen_versions": 2,
  "server_starts": 48,
  "prints_started": 95,
  "prints_cancelled": 0,
  "prints_errored": 0,
  "prints_finished": 20,
  "prints_started_per_weekday": {
    "6": 9,
    "0": 3,
    "1": 43,
    "2": 7,
    "3": 16,
    "4": 17
  },
  "print_duration_total": 256189.48255601898,
  "print_duration_cancelled": 0.0,
  "print_duration_errored": 0.0,
  "print_duration_finished": 103329.49400093599,
  "longest_print_duration": 15477.948244929008,
  "longest_print_date": 1756627259,
  "files_uploaded": 95,
  "files_deleted": 0,
  "plugins_installed": 1,
  "plugins_uninstalled": 0,
  "most_plugins": 25,
  "achievements": 12
}