{
  "stats": {
    "last_version": "1.11.3",
    "seen_versions": 2,
    "server_starts": 48,
    "prints_started": 95,
    "prints_cancelled": 0,
    "prints_errored": 0,
    "prints_finished": 20,
    "prints_started_per_weekday": {
      "6": 9,
      "0": 3,
      "1": 43,
      "2": 7,
      "3": 16,
      "4": 17
    },
    "print_duration_total": 256189.48255601898,
    "print_duration_cancelled": 0.0,
    "print_duration_errored": 0.0,
    "print_duration_finished": 103329.49400093599,
    "longest_print_duration": 15477.948244929008,
    "longest_print_date": 1756627259,
    "files_uploaded": 95,
    "files_deleted": 0,
    "plugins_installed": 1,
    "plugins_uninstalled": 0,
    "most_plugins": 25,
    "created": 1755959065,
    "created_version": "1.11.2"
  },
  "achievements": {
    "the_wizard": 1755959067,
    "better_safe_than_sorry": 1755959238,
    "crossover_episode": 1755959939,
    "night_owl": 1755968630,
    "all_beginnings_are_hard": 1755969048,
    "one_small_step_for_man": 1755998472,
    "one_of_those_days": 1756187577,
    "so_close": 1756285941,
    "tgif": 1756439859,
    "what_could_possibly_go_wrong": 1756602249,
    "the_manufacturer_i": 1756640773,
    "adventurer": 1757376850
  },
  "state": {
    "date_last_print": "2025-10-03",
    "prints_today": 1,
    "date_last_cancelled_print": "2025-10-10",
    "prints_cancelled_today": 8,
    "consecutive_prints_cancelled_today": 8,
    "file_last_print": "local:CE3E3V2_Soporte SFS V2.0.gcode:1759448906",
    "consecutive_prints_of_same_file": 1,
    "date_last_weekend_print": "2025-08-31",
    "consecutive_weekend_prints": 1
  }
}